ID_Persona,Nombre,Rol,Correo
PER001,  JUAN perez,Estudiante,usuario1@u.edu.co
PER002,maria GARCIA  ,Profesor,usuario2@u.edu.co
PER003, luis mendoza,Estudiante,usuario3@u.edu.co
PER004,ANA suarez ,Estudiante,usuario4@u.edu.co
PER005,  pedro GOMEZ,Profesor,usuario5@u.edu.co
PER006,Sonia Rojas,Estudiante,usuario6@u.edu.co
PER007,carlos RUIZ ,Profesor,usuario7@u.edu.co
PER008, marta GOMEZ,Estudiante,usuario8@u.edu.co
PER009,  JUAN perez,Profesor,usuario9@u.edu.co
PER010,maria GARCIA  ,Estudiante,
PER011, luis mendoza,Profesor,usuario11@u.edu.co
PER012,ANA suarez ,Estudiante,usuario12@u.edu.co
PER013,  pedro GOMEZ,Profesor,usuario13@u.edu.co
PER014,Sonia Rojas,Estudiante,usuario14@u.edu.co
PER015,carlos RUIZ ,Profesor,usuario15@u.edu.co
PER016, marta GOMEZ,Estudiante,usuario16@u.edu.co
PER017,  JUAN perez,Profesor,usuario17@u.edu.co
PER018,maria GARCIA  ,Estudiante,usuario18@u.edu.co
PER019, luis mendoza,Profesor,usuario19@u.edu.co
PER020,ANA suarez ,Estudiante,usuario20@u.edu.co
PER021,  pedro GOMEZ,Profesor,usuario21@u.edu.co
PER022,Sonia Rojas,Estudiante,
PER023,carlos RUIZ ,Profesor,usuario23@u.edu.co
PER024, marta GOMEZ,Estudiante,usuario24@u.edu.co
PER025,  JUAN perez,Profesor,usuario25@u.edu.co
PER026,maria GARCIA  ,Estudiante,usuario26@u.edu.co
PER027, luis mendoza,Profesor,usuario27@u.edu.co
PER028,ANA suarez ,Estudiante,usuario28@u.edu.co
PER029,  pedro GOMEZ,Profesor,usuario29@u.edu.co
PER030,Sonia Rojas,Estudiante,usuario30@u.edu.co
PER031,carlos RUIZ ,Profesor,usuario31@u.edu.co
PER032, marta GOMEZ,Estudiante,usuario32@u.edu.co
PER033,  JUAN perez,Profesor,usuario33@u.edu.co
PER034,maria GARCIA  ,Estudiante,
PER035, luis mendoza,Profesor,usuario35@u.edu.co
PER036,ANA suarez ,Estudiante,usuario36@u.edu.co
PER037,  pedro GOMEZ,Profesor,usuario37@u.edu.co
PER038,Sonia Rojas,Estudiante,usuario38@u.edu.co
PER039,carlos RUIZ ,Profesor,usuario39@u.edu.co
PER040, marta GOMEZ,Estudiante,usuario40@u.edu.co
PER041,  JUAN perez,Profesor,usuario41@u.edu.co
PER042,maria GARCIA  ,Estudiante,usuario42@u.edu.co
PER043, luis mendoza,Profesor,usuario43@u.edu.co
PER044,ANA suarez ,Estudiante,usuario44@u.edu.co
PER045,  pedro GOMEZ,Profesor,usuario45@u.edu.co
PER046,Sonia Rojas,Estudiante,
PER047,carlos RUIZ ,Profesor,usuario47@u.edu.co
PER048, marta GOMEZ,Estudiante,usuario48@u.edu.co
PER049,  JUAN perez,Profesor,usuario49@u.edu.co
PER050,maria GARCIA  ,Estudiante,usuario50@u.edu.co
PER051, luis mendoza,Profesor,usuario51@u.edu.co
PER052,ANA suarez ,Estudiante,usuario52@u.edu.co
PER053,  pedro GOMEZ,Profesor,usuario53@u.edu.co
PER054,Sonia Rojas,Estudiante,usuario54@u.edu.co
PER055,carlos RUIZ ,Profesor,usuario55@u.edu.co
PER056, marta GOMEZ,Estudiante,usuario56@u.edu.co
PER057,  JUAN perez,Profesor,usuario57@u.edu.co
PER058,maria GARCIA  ,Estudiante,
PER059, luis mendoza,Profesor,usuario59@u.edu.co
PER060,ANA suarez ,Estudiante,usuario60@u.edu.co
PER061,  pedro GOMEZ,Profesor,usuario61@u.edu.co
PER062,Sonia Rojas,Estudiante,usuario62@u.edu.co
PER063,carlos RUIZ ,Profesor,usuario63@u.edu.co
PER064, marta GOMEZ,Estudiante,usuario64@u.edu.co
PER065,  JUAN perez,Profesor,usuario65@u.edu.co
PER066,maria GARCIA  ,Estudiante,usuario66@u.edu.co
PER067, luis mendoza,Profesor,usuario67@u.edu.co
PER068,ANA suarez ,Estudiante,usuario68@u.edu.co
PER069,  pedro GOMEZ,Profesor,usuario69@u.edu.co
PER070,Sonia Rojas,Estudiante,
PER071,carlos RUIZ ,Profesor,usuario71@u.edu.co
PER072, marta GOMEZ,Estudiante,usuario72@u.edu.co
PER073,  JUAN perez,Profesor,usuario73@u.edu.co
PER074,maria GARCIA  ,Estudiante,usuario74@u.edu.co
PER075, luis mendoza,Profesor,usuario75@u.edu.co
PER076,ANA suarez ,Estudiante,usuario76@u.edu.co
PER077,  pedro GOMEZ,Profesor,usuario77@u.edu.co
PER078,Sonia Rojas,Estudiante,usuario78@u.edu.co
PER079,carlos RUIZ ,Profesor,usuario79@u.edu.co
PER080, marta GOMEZ,Estudiante,usuario80@u.edu.co
PER081,  JUAN perez,Profesor,usuario81@u.edu.co
PER082,maria GARCIA  ,Estudiante,
PER083, luis mendoza,Profesor,usuario83@u.edu.co
PER084,ANA suarez ,Estudiante,usuario84@u.edu.co
PER085,  pedro GOMEZ,Profesor,usuario85@u.edu.co
PER086,Sonia Rojas,Estudiante,usuario86@u.edu.co
PER087,carlos RUIZ ,Profesor,usuario87@u.edu.co
PER088, marta GOMEZ,Estudiante,usuario88@u.edu.co
PER089,  JUAN perez,Profesor,usuario89@u.edu.co
PER090,maria GARCIA  ,Estudiante,usuario90@u.edu.co
PER091, luis mendoza,Profesor,usuario91@u.edu.co
PER092,ANA suarez ,Estudiante,usuario92@u.edu.co
PER093,  pedro GOMEZ,Profesor,usuario93@u.edu.co
PER094,Sonia Rojas,Estudiante,
PER095,carlos RUIZ ,Profesor,usuario95@u.edu.co
PER096, marta GOMEZ,Estudiante,usuario96@u.edu.co
PER097,  JUAN perez,Profesor,usuario97@u.edu.co
PER098,maria GARCIA  ,Estudiante,usuario98@u.edu.co
PER099, luis mendoza,Profesor,usuario99@u.edu.co
PER100,ANA suarez ,Estudiante,usuario100@u.edu.co